id,common_status,order_id,x,y
1,30,06475281,0,0
2,30,810768553445776,116.37256372996957,40.39798447055443
3,60,810768553445776,116.37256372996957,40.39798447055443
